cantidadterneros,Fecha,cantidadnovilloengorda,cantidadnovillogordo,precioterneros,precionovilloengorda,precionovillogordo,1. Dólar observado,Dólar ajustado a abr-2026,SeriesTiempoMaiz,Osorno
6923.0,2008-01-01,2707.0,2273.0,813.1,664.77,722.4,480.896363636364,"991,73",451.98,24.95
4194.0,2008-02-01,2092.0,2165.0,671.68,660.35,693.59,467.217142857143,"959,68",471.5,24.464285714285715
6732.0,2008-03-01,3259.0,2630.0,709.38,710.03,793.58,442.942,"902,59",490.83,58.32857142857143
9944.0,2008-04-01,5458.0,2497.0,716.03,737.31,803.68,446.433636363636,"906,08",516.74,67.02142857142857
8330.0,2008-05-01,3456.0,2663.0,742.71,753.15,885.83,470.1,"942,81",504.92,106.12142857142858
6649.0,2008-06-01,2522.0,1920.0,747.63,761.21,923.95,493.612380952381,"975,33",591.41,154.73846153846154
6765.0,2008-07-01,1791.0,1639.0,922.74,873.6,984.95,502.241363636364,"981,58",536.69,162.1769230769231
7251.0,2008-08-01,2266.0,1539.0,921.14,906.22,1084.63,516.702,"1.000,83",468.4,197.24615384615385
6321.0,2008-09-01,1278.0,1159.0,919.33,899.4,1070.95,530.17,"1.015,75",461.01,103.4
11038.0,2008-10-01,1429.0,1320.0,908.25,825.67,943.03,618.394545454545,"1.174,21",360.51,56.30769230769231
8780.0,2008-11-01,1375.0,1345.0,798.52,715.91,786.82,651.5055,"1.238,33",321.8,50.15384615384615
7555.0,2008-12-01,1475.0,1660.0,727.45,634.25,682.7,649.3165,"1.249,16",312.49,31.60769230769231
4449.0,2009-01-01,1599.0,1752.0,645.7,612.31,648.99,623.007619047619,"1.208,21",342.98,24.95
4213.0,2009-02-01,2481.0,1829.0,713.88,690.67,794.21,605.998,"1.179,94",326.09,24.464285714285715
7569.0,2009-03-01,3610.0,1741.0,717.23,721.4,811.79,592.931363636364,"1.149,89",331.79,58.32857142857143
8150.0,2009-04-01,3517.0,1345.0,786.2,785.16,837.22,583.175714285714,"1.133,25",339.08,67.02142857142857
7309.0,2009-05-01,3209.0,1384.0,783.62,770.57,807.1,565.717894736842,"1.102,63",362.13,106.12142857142858
6040.0,2009-06-01,1972.0,1266.0,802.81,745.35,843.14,553.08,"1.074,77",362.67,154.73846153846154
5238.0,2009-07-01,1850.0,928.0,826.57,782.48,844.08,540.420454545455,"1.054,39",311.53,162.1769230769231
6162.0,2009-08-01,1647.0,955.0,866.97,812.09,855.94,546.884285714286,"1.071,28",320.71,197.24615384615385
5967.0,2009-09-01,1441.0,744.0,964.57,852.87,863.11,549.070952380952,"1.064,92",318.76,103.4
9987.0,2009-10-01,1947.0,922.0,907.56,786.96,842.1,545.832857142857,"1.058,63",348.65,56.30769230769231
7967.0,2009-11-01,1568.0,1348.0,928.16,823.04,839.97,507.781428571429,"989,78",363.82,50.15384615384615
5588.0,2009-12-01,1466.0,1483.0,963.62,811.11,818.37,501.45,"980,39",357.42,31.60769230769231
6176.0,2010-01-01,1929.0,1879.0,1050.7,902.42,871.81,500.6625,"973,97",355.0,24.95
6444.0,2010-02-01,2943.0,2187.0,1747.04,1513.56,1492.49,532.557,"1.032,93",328.87,24.464285714285715
8376.0,2010-03-01,2501.0,1457.0,1695.69,1462.17,1370.61,523.162608695652,"1.013,68",322.93,58.32857142857143
8105.0,2010-04-01,3814.0,1685.0,1631.77,1446.78,1350.1,520.624285714286,"1.003,74",317.08,67.02142857142857
7304.0,2010-05-01,3051.0,1834.0,1645.35,1377.27,1368.48,533.2065,"1.023,92",328.62,106.12142857142858
5803.0,2010-06-01,2599.0,1515.0,1770.98,1447.16,1461.88,536.668095238095,"1.030,57",309.24,154.73846153846154
5813.0,2010-07-01,1464.0,1456.0,2137.15,1658.07,1669.37,531.721428571429,"1.014,97",344.7,162.1769230769231
6755.0,2010-08-01,1965.0,1357.0,2112.51,1744.08,1729.87,509.324090909091,"973,19",383.17,197.24615384615385
4463.0,2010-09-01,854.0,1075.0,2174.36,1734.14,1736.42,493.933,"940,02",444.34,103.4
8371.0,2010-10-01,1681.0,972.0,2310.32,1819.28,1743.43,484.0415,"920,28",482.06,56.30769230769231
8382.0,2010-11-01,1455.0,1479.0,2419.27,1925.02,1962.82,482.316666666667,"916,09",475.99,50.15384615384615
6580.0,2010-12-01,1311.0,1699.0,2331.52,1790.16,1787.0,474.778095238095,"900,87",490.78,31.60769230769231
5203.0,2011-01-01,2003.0,1794.0,2378.38,1976.55,1721.06,489.440952380952,"925,91",515.66,24.95
6611.0,2011-02-01,2155.0,1904.0,2348.84,1939.23,1763.6,475.691,"898,10",566.61,24.464285714285715
8712.0,2011-03-01,3397.0,2903.0,2299.28,1909.56,1794.54,479.652173913044,"898,39",560.54,58.32857142857143
8939.0,2011-04-01,3627.0,1731.0,2294.73,1854.28,1736.57,471.32,"880,15",609.17,67.02142857142857
8560.0,2011-05-01,2807.0,1712.0,2235.89,1774.82,1714.32,467.728636363636,"869,96",586.46,106.12142857142858
5840.0,2011-06-01,1854.0,1731.0,2250.1,1725.52,1738.16,469.411904761905,"871,34",584.19,154.73846153846154
5869.0,2011-07-01,1519.0,1435.0,2325.66,1841.31,1836.98,462.937142857143,"858,48",566.35,162.1769230769231
6421.0,2011-08-01,1720.0,1659.0,2429.85,2004.95,1973.33,466.790454545455,"863,89",582.86,197.24615384615385
6157.0,2011-09-01,941.0,980.0,2511.5,2010.06,2026.86,483.69380952381,"890,71",555.95,103.4
9167.0,2011-10-01,1160.0,1091.0,2463.75,1984.52,2018.26,511.744210526316,"937,68",513.71,56.30769230769231
9197.0,2011-11-01,1530.0,1529.0,2197.44,1812.9,1633.8,508.437619047619,"928,84",509.78,50.15384615384615
6882.0,2011-12-01,1186.0,1305.0,2032.97,1666.71,1694.57,517.171904761905,"939,16",480.02,31.60769230769231
5310.0,2012-01-01,1593.0,1663.0,1885.69,1633.89,1618.44,501.339545454545,"909,50",501.22,24.95
6843.0,2012-02-01,2348.0,2555.0,2069.74,1786.77,1845.61,481.488571428571,"870,01",515.86,24.464285714285715
10463.0,2012-03-01,4656.0,2462.0,2112.85,1811.87,1851.54,485.395454545454,"875,32",514.71,58.32857142857143
10464.0,2012-04-01,3984.0,1716.0,2022.04,1761.08,1791.24,486.001,"875,53",502.54,67.02142857142857
8616.0,2012-05-01,2966.0,1982.0,1897.26,1589.52,1660.23,497.088095238095,"895,51",499.46,106.12142857142858
6011.0,2012-06-01,2144.0,1267.0,1914.36,1548.24,1680.91,505.628095238095,"913,64",494.87,154.73846153846154
4957.0,2012-07-01,1391.0,1114.0,1933.43,1653.72,1736.42,491.9345,"888,88",610.09,162.1769230769231
8761.0,2012-08-01,1685.0,1244.0,2063.48,1822.9,1876.48,480.994090909091,"867,38",611.43,197.24615384615385
6104.0,2012-09-01,1493.0,928.0,2272.66,1962.24,1957.7,474.971764705882,"849,72",585.03,103.4
11538.0,2012-10-01,2055.0,1030.0,2133.97,1771.8,1954.12,475.362727272727,"845,35",578.74,56.30769230769231
9310.0,2012-11-01,1496.0,1355.0,1918.61,1627.65,1695.43,480.5705,"858,91",581.1,50.15384615384615
5783.0,2012-12-01,1023.0,1327.0,1875.09,1615.31,1663.53,477.128421052632,"852,76",565.17,31.60769230769231
6051.0,2013-01-01,2220.0,1478.0,1909.68,1662.24,1627.3,472.668636363636,"843,10",551.32,11.4
6248.0,2013-02-01,2152.0,1154.0,1892.29,1649.57,1649.8,472.3445,"841,67",544.77,10.2
8575.0,2013-03-01,3362.0,1258.0,1849.02,1625.02,1620.71,472.484,"838,57",557.11,0.4
10008.0,2013-04-01,3741.0,3118.0,1787.06,1603.29,1534.91,472.137272727273,"842,18",503.55,7.6
8596.0,2013-05-01,3209.0,1925.0,1716.6,1460.15,1561.54,479.582857142857,"855,45",530.6,1.5
5495.0,2013-06-01,2303.0,1809.0,1779.16,1447.39,1613.8,502.886,"891,68",524.63,3.6
5905.0,2013-07-01,2142.0,1378.0,1802.35,1562.57,1683.2,504.962272727273,"892,67",470.65,101.8
6096.0,2013-08-01,1950.0,1430.0,1785.83,1706.17,1811.73,512.588571428571,"904,35",396.25,120.9
5080.0,2013-09-01,1228.0,942.0,1819.96,1666.44,1851.51,504.57,"885,77",394.73,138.1
9387.0,2013-10-01,1301.0,707.0,1763.95,1642.09,1818.85,500.806363636364,"878,29",374.93,44.3
10941.0,2013-11-01,1492.0,1218.0,1827.08,1590.42,1748.53,519.25,"907,00",378.73,42.4
6137.0,2013-12-01,1237.0,1312.0,1623.9,1426.28,1602.65,529.4505,"919,30",376.2,17.8
5906.0,2014-01-01,1687.0,1572.0,1547.73,1461.87,1509.24,537.029545454545,"930,60",367.14,44.5
6002.0,2014-02-01,2773.0,1604.0,1606.54,1456.98,1560.04,554.4085,"955,94",387.64,31.2
7710.0,2014-03-01,4068.0,2026.0,1409.04,1370.61,1501.92,563.843333333333,"964,48",407.77,48.6
8906.0,2014-04-01,4203.0,1203.0,1362.76,1305.99,1482.97,554.640952380952,"943,09",402.88,86.7
6185.0,2014-05-01,2890.0,1255.0,1229.19,1194.13,1430.54,555.402,"941,56",390.89,188.2
5558.0,2014-06-01,2397.0,1481.0,1325.27,1265.97,1562.3,553.063333333333,"936,65",369.49,285.6
5850.0,2014-07-01,2211.0,1423.0,1495.59,1418.53,1728.86,558.208181818182,"943,49",333.86,234.4
8323.0,2014-08-01,1846.0,1406.0,1689.83,1630.55,1847.44,579.052,"975,78",331.61,170.1
8374.0,2014-09-01,1499.0,977.0,1769.2,1666.19,1894.95,593.468,"992,15",309.41,205.9
11343.0,2014-10-01,1724.0,1203.0,1666.24,1513.88,1767.96,589.98,"976,55",312.31,89.5
9340.0,2014-11-01,1592.0,1617.0,1652.58,1517.26,1618.99,592.4595,"980,65",320.96,34.5
6561.0,2014-12-01,1518.0,1650.0,1639.81,1439.95,1516.64,612.919,"1.018,59",313.97,18.3
5047.0,2015-01-01,1683.0,2045.0,1409.73,1331.52,1478.8,620.909523809524,"1.030,84",302.29,2.0
3712.0,2015-02-01,1367.0,2391.0,1340.26,1268.17,1532.82,623.6175,"1.031,21",300.95,5.3
4722.0,2015-03-01,3605.0,2253.0,1231.71,1324.64,1551.02,628.503181818182,"1.033,08",295.96,16.3
7748.0,2015-04-01,3173.0,2018.0,1398.37,1450.03,1658.82,614.727619047619,"1.004,42",293.41,63.3
7143.0,2015-05-01,2966.0,2149.0,1494.33,1463.1,1689.03,607.596842105263,"990,79",283.2,102.8
6296.0,2015-06-01,2260.0,1710.0,1572.17,1521.21,1783.18,629.994761904762,"1.022,19",282.92,149.6
5765.0,2015-07-01,1945.0,1757.0,1748.07,1698.78,1913.63,650.139545454545,"1.050,68",304.09,283.1
6727.0,2015-08-01,1832.0,1306.0,1747.85,1772.83,1974.36,688.115714285714,"1.104,33",273.22,264.4
7114.0,2015-09-01,1444.0,929.0,1821.24,1762.17,1977.46,691.729047619047,"1.104,60",282.99,57.0
10131.0,2015-10-01,1829.0,1749.0,1806.67,1679.66,1908.84,685.314285714286,"1.089,99",288.04,56.1
9081.0,2015-11-01,1800.0,2430.0,1753.45,1648.12,1749.2,704.002380952381,"1.119,72",276.34,67.8
5742.0,2015-12-01,1405.0,2203.0,1850.28,1631.34,1761.74,704.238,"1.120,10",272.15,38.9
5849.0,2016-01-01,1886.0,3138.0,1832.04,1685.95,1710.97,721.948,"1.142,55",269.49,21.2
5816.0,2016-02-01,3094.0,3406.0,1695.06,1576.67,1669.8,704.084761904762,"1.110,94",264.56,36.3
7267.0,2016-03-01,2695.0,2851.0,1717.12,1594.46,1685.22,682.067727272727,"1.071,92",258.36,39.1
7349.0,2016-04-01,3619.0,2667.0,1657.31,1551.94,1672.13,669.932380952381,"1.049,70",266.42,76.1
7006.0,2016-05-01,2851.0,1987.0,1661.89,1588.57,1805.11,681.870454545455,"1.066,27",275.16,68.3
6285.0,2016-06-01,1914.0,2156.0,1994.38,1875.37,1925.65,681.071904761905,"1.060,78",298.52,25.8
5687.0,2016-07-01,1753.0,1682.0,2087.72,1939.86,1994.45,657.567142857143,"1.022,13",273.16,117.5
6595.0,2016-08-01,1685.0,1738.0,2170.78,1968.0,1980.09,658.890454545454,"1.024,18",261.16,139.8
6910.0,2016-09-01,1212.0,1328.0,2286.91,1972.24,1904.18,668.632380952381,"1.037,25",256.44,61.1
7252.0,2016-10-01,1658.0,1224.0,2126.27,1866.66,1793.02,663.922105263158,"1.027,89",258.85,91.0
6933.0,2016-11-01,1133.0,2195.0,2121.46,1839.32,1761.1,666.117619047619,"1.030,26",253.46,40.3
6251.0,2016-12-01,1255.0,2028.0,2092.94,1792.9,1732.15,667.168095238095,"1.033,96",250.62,68.0
5671.0,2017-01-01,1539.0,2676.0,2293.49,2032.1,1877.79,661.194285714286,"1.019,59",262.08,59.2
6363.0,2017-02-01,2080.0,2582.0,2242.37,1956.3,1878.55,643.2095,"989,88",263.81,58.4
9112.0,2017-03-01,3394.0,3042.0,2244.83,1894.33,1841.5,661.202608695652,"1.013,52",253.18,47.6
7295.0,2017-04-01,2561.0,2281.0,2216.41,1892.41,1861.51,655.743333333333,"1.003,14",245.59,100.5
8790.0,2017-05-01,2874.0,2349.0,2174.46,1801.22,1819.13,671.539545454546,"1.026,28",248.41,151.6
5041.0,2017-06-01,2035.0,2233.0,2137.93,1804.6,1851.67,665.153333333333,"1.020,60",248.19,142.4
3959.0,2017-07-01,1511.0,1973.0,2318.62,1925.78,1904.94,658.171428571428,"1.007,88",252.51,84.5
5566.0,2017-08-01,1379.0,1886.0,2376.6,1965.9,1947.29,644.241818181818,"984,57",245.31,325.3
5215.0,2017-09-01,985.0,1293.0,2296.13,1882.01,1935.96,625.541578947369,"957,91",240.96,72.9
7811.0,2017-10-01,1274.0,1426.0,2306.09,1900.59,1923.09,629.5465,"958,30",242.96,108.8
8983.0,2017-11-01,1935.0,1685.0,2325.13,1969.36,1936.25,633.767619047619,"963,76",238.87,40.1
6563.0,2017-12-01,973.0,2622.0,2114.45,1849.93,1848.17,636.923684210526,"967,59",241.23,39.1
6598.0,2018-01-01,1806.0,2919.0,2086.32,1834.85,1768.55,605.528636363636,"915,32",249.72,8.3
5354.0,2018-02-01,2004.0,2555.0,1935.64,1672.17,1688.58,596.839,"902,19",258.78,10.1
8029.0,2018-03-01,1936.0,2172.0,1950.36,1667.47,1683.89,603.445238095238,"910,36",280.83,134.6
8823.0,2018-04-01,2952.0,2397.0,1809.83,1603.0,1685.01,600.547619047619,"903,27",292.34,114.0
7325.0,2018-05-01,2840.0,2246.0,1847.4,1538.71,1648.1,626.119047619047,"938,92",296.05,105.6
5374.0,2018-06-01,2422.0,1830.0,1797.98,1539.76,1695.97,636.146190476191,"953,00",258.85,92.1
4239.0,2018-07-01,1131.0,1461.0,1893.91,1632.25,1729.93,652.407,"973,47",245.5,66.9
7006.0,2018-08-01,1823.0,1477.0,1943.02,1690.96,1717.63,656.250909090909,"977,24",244.62,188.7
4686.0,2018-09-01,1268.0,1073.0,1943.74,1688.68,1758.06,680.914705882353,"1.010,93",244.2,118.8
11571.0,2018-10-01,1470.0,1505.0,1949.59,1682.66,1708.48,676.840909090909,"1.000,89",248.24,82.2
9978.0,2018-11-01,2204.0,1970.0,1882.43,1623.17,1673.12,677.612,"1.002,02",244.46,67.5
6989.0,2018-12-01,1352.0,1729.0,1788.67,1638.84,1638.57,681.986842105263,"1.009,51",253.8,53.2
6131.0,2019-01-01,1769.0,2272.0,1725.76,1571.19,1566.38,677.061818181818,"1.001,21",255.1,19.5
4313.0,2019-02-01,1252.0,2092.0,1654.0,1488.84,1489.82,656.3045,"970,51",262.32,14.4
6663.0,2019-03-01,1776.0,2515.0,1569.47,1356.81,1467.02,667.678571428572,"982,43",261.27,14.6
6699.0,2019-04-01,2333.0,2108.0,1483.79,1328.46,1456.37,667.399047619048,"979,08",246.98,14.8
7918.0,2019-05-01,3597.0,1721.0,1542.84,1350.19,1493.63,692.00380952381,"1.009,11",260.71,91.3
5324.0,2019-06-01,2235.0,1993.0,1456.2,1345.3,1591.11,692.409,"1.009,71",291.45,66.1
4428.0,2019-07-01,1540.0,1949.0,1647.54,1461.15,1689.37,686.059545454546,"998,45",290.0,133.6
7090.0,2019-08-01,2666.0,1826.0,1691.07,1528.82,1701.04,713.703333333333,"1.036,61",252.22,72.9
6759.0,2019-09-01,1408.0,975.0,1637.8,1550.82,1804.21,718.442222222222,"1.043,49",235.5,6.1
8690.0,2019-10-01,2656.0,1013.0,1539.94,1480.48,1836.06,721.032272727273,"1.038,94",249.89,0.0
8111.0,2019-11-01,1439.0,1680.0,1588.31,1429.04,1689.06,776.53,"1.117,80",248.69,0.0
5876.0,2019-12-01,1235.0,2212.0,1498.8,1367.15,1703.2,770.3905,"1.107,85",250.78,0.0
6763.0,2020-01-01,2458.0,2456.0,1587.56,1494.32,1560.42,772.647727272727,"1.104,47",254.62,0.0
5553.0,2020-02-01,2274.0,2590.0,1491.6,1450.04,1537.17,796.3795,"1.133,86",253.38,0.0
5311.0,2020-03-01,1754.0,2517.0,1416.27,1396.46,1522.73,839.375454545454,"1.191,51",242.79,0.0
5880.0,2020-04-01,1124.0,1428.0,1513.65,1420.29,1513.72,853.379047619048,"1.211,38",220.58,8.1
5752.0,2020-05-01,1367.0,2145.0,1487.94,1417.09,1545.61,821.805263157895,"1.167,73",215.07,137.5
4791.0,2020-06-01,1926.0,1746.0,1544.35,1514.62,1654.84,793.718095238095,"1.128,95",230.06,416.2
4131.0,2020-07-01,2041.0,1799.0,1603.59,1635.46,1788.98,784.729090909091,"1.115,05",240.1,344.1
5192.0,2020-08-01,2214.0,1752.0,1846.28,1832.06,2033.76,784.661904761905,"1.113,83",237.15,154.4
7028.0,2020-09-01,1823.0,1652.0,1992.7,1932.27,2325.69,773.402380952381,"1.091,30",268.75,68.0
8812.0,2020-10-01,1851.0,1402.0,2064.1,2005.63,2345.0,788.267142857143,"1.104,55",309.37,8.7
8469.0,2020-11-01,1772.0,2170.0,2016.49,1907.37,2299.93,762.884761904762,"1.070,04",313.61,46.0
6173.0,2020-12-01,1741.0,2039.0,1965.63,1787.13,2136.78,734.733,"1.027,48",310.83,69.0
4844.0,2021-01-01,1733.0,2437.0,1887.28,1834.64,2009.17,723.556,"1.004,82",342.89,26.4
4784.0,2021-02-01,2043.0,2950.0,1793.65,1747.61,1938.45,722.6265,"1.001,53",350.39,10.0
6220.0,2021-03-01,2830.0,2735.0,1815.6,1849.66,2037.01,726.366086956522,"1.002,70",346.66,21.0
8006.0,2021-04-01,3402.0,2244.0,1908.35,1928.71,2196.12,707.845238095238,"973,24",379.91,101.2
6668.0,2021-05-01,2245.0,2172.0,2053.61,2071.67,2409.83,712.2595,"976,38",428.99,85.2
5358.0,2021-06-01,2433.0,1832.0,2239.0,2271.16,2541.15,726.5445,"994,96",415.41,211.0
4267.0,2021-07-01,1914.0,1691.0,2269.62,2513.34,2700.25,750.440476190476,"1.019,53",387.65,94.2
5964.0,2021-08-01,1768.0,1857.0,2865.68,2930.62,3073.15,779.828181818182,"1.055,24",384.56,767.9
5799.0,2021-09-01,1027.0,1415.0,3042.98,2832.53,3035.16,783.62619047619,"1.047,81",377.9,97.5
7551.0,2021-10-01,2275.0,1331.0,2872.55,2856.85,2732.63,813.9505,"1.074,38",360.9,40.0
6227.0,2021-11-01,1284.0,1728.0,2705.37,2363.49,2600.89,812.624761904762,"1.067,29",352.44,34.8
4442.0,2021-12-01,1368.0,2275.0,2462.19,2348.83,2375.23,849.121904761905,"1.106,38",350.67,38.0
4149.0,2022-01-01,2008.0,2219.0,2230.73,2307.25,2261.38,822.05,"1.058,40",369.48,71.8
4322.0,2022-02-01,2996.0,2442.0,2382.71,2407.38,2349.99,807.068,"1.036,01",387.33,24.8
7063.0,2022-03-01,3225.0,2135.0,2571.18,2474.18,2497.44,799.187391304348,"1.006,77",461.89,38.2
8038.0,2022-04-01,2480.0,1691.0,2630.91,2572.12,2457.61,815.123,"1.012,66",448.05,2.0
6783.0,2022-05-01,2700.0,2042.0,2458.11,2349.34,2306.66,849.39,"1.042,72",436.8,79.0
3996.0,2022-06-01,1339.0,1387.0,2167.25,2108.92,2293.84,857.7695,"1.043,61",419.52,185.0
2674.0,2022-07-01,1034.0,1422.0,2330.16,2212.12,2320.15,953.70619047619,"1.144,32",376.04,262.0
5013.0,2022-08-01,1437.0,1766.0,2497.49,2347.31,2308.44,904.352272727273,"1.072,23",367.99,93.8
5260.0,2022-09-01,1042.0,958.0,2502.79,2356.47,2293.11,921.0075,"1.082,24",385.97,110.2
7860.0,2022-10-01,2022.0,1449.0,2439.67,2250.65,2273.41,955.894736842105,"1.117,64",414.49,44.0
6191.0,2022-11-01,1721.0,2065.0,2277.98,2155.4,2098.12,917.052857142857,"1.061,61",389.7,44.2
4306.0,2022-12-01,1283.0,2042.0,2073.21,1901.62,1955.55,875.661428571428,"1.010,66",360.86,40.6
3195.0,2023-01-01,1569.0,2606.0,1836.24,1739.98,1836.4,826.335714285714,"946,17",349.97,30.4
2641.0,2023-02-01,1758.0,2200.0,1869.37,1693.93,1802.08,798.2575,"914,93",341.59,27.2
7762.0,2023-03-01,3560.0,2574.0,1928.13,1787.1,1888.97,809.503913043478,"917,72",331.85,63.0
6210.0,2023-04-01,3301.0,1642.0,1862.06,1841.97,1903.21,803.836842105263,"908,58",333.04,79.0
6528.0,2023-05-01,3362.0,2147.0,1835.62,1781.38,1835.33,798.635454545455,"901,80",303.32,98.8
3496.0,2023-06-01,2113.0,1057.0,1806.82,1735.0,1896.33,799.8725,"905,00",307.61,173.4
3237.0,2023-07-01,1521.0,1532.0,1968.19,1860.62,1984.74,813.397142857143,"916,64",261.99,136.0
5309.0,2023-08-01,1556.0,1639.0,2057.37,1956.67,1998.2,855.659545454546,"963,30",244.44,75.0
4739.0,2023-09-01,1279.0,1185.0,2064.77,1947.95,1979.3,884.403684210526,"988,73",260.3,62.2
8027.0,2023-10-01,1566.0,1290.0,2018.42,1879.31,1999.06,926.347,"1.031,51",254.25,48.6
7891.0,2023-11-01,1823.0,1302.0,1962.53,1891.69,1922.73,886.614285714286,"980,39",236.12,94.0
5024.0,2023-12-01,1785.0,1712.0,1901.62,1818.26,1906.14,874.665789473684,"972,05",226.92,14.4
4715.0,2024-01-01,1849.0,2516.0,1883.57,1750.14,1818.44,907.986818181818,"1.002,07",227.01,6.6
3086.0,2024-02-01,995.0,1784.0,1716.85,1615.26,1712.74,963.442380952381,"1.056,92",212.7,9.2
6052.0,2024-03-01,2443.0,1788.0,1808.29,1669.15,1781.75,967.9325,"1.057,61",208.92,108.6
8425.0,2024-04-01,4069.0,2341.0,1827.65,1769.18,1809.07,960.138181818182,"1.043,88",218.0,127.0
7747.0,2024-05-01,2839.0,1981.0,1728.5,1708.3,1811.98,917.877142857143,"994,95",238.03,149.0
3649.0,2024-06-01,1851.0,1403.0,1808.28,1742.1,1840.12,926.081052631579,"1.004,85",212.55,131.4
4423.0,2024-07-01,1878.0,1522.0,2013.77,1933.8,2065.26,937.560909090909,"1.010,23",199.43,98.0
6028.0,2024-08-01,2259.0,1806.0,2088.72,2075.76,2105.91,929.895238095238,"998,98",196.59,109.0
5011.0,2024-09-01,1019.0,831.0,2157.36,2075.94,2188.44,926.214444444444,"994,02",217.12,165.0
7667.0,2024-10-01,2009.0,1369.0,2233.13,2070.18,2219.36,933.812272727273,"992,26",225.06,26.6
9364.0,2024-11-01,1893.0,1806.0,2190.46,2115.28,2205.96,971.6,"1.030,35",221.22,123.6
5725.0,2024-12-01,1384.0,2132.0,2136.18,2004.63,2116.56,982.296,"1.043,78",219.88,13.6
5232.0,2025-01-01,2166.0,2652.0,2021.61,1937.35,2011.89,1000.76363636364,"1.051,83",232.8,27.6
5038.0,2025-02-01,2101.0,2097.0,2080.29,1977.04,2109.72,956.62,"1.001,43",238.13,50.0
8307.0,2025-03-01,2526.0,2193.0,2159.19,2036.02,2176.75,932.551904761905,"971,38",219.16,92.4
8618.0,2025-04-01,3082.0,1696.0,2222.22,2139.52,2149.33,961.957142857143,"1.000,01",229.43,76.0
6855.0,2025-05-01,2865.0,1521.0,2217.43,2117.51,2231.96,941.0125,"976,28",215.93,120.7
4048.0,2025-06-01,1738.0,1824.0,2256.93,2207.68,2334.48,938.037,"977,11",208.83,129.4
5265.0,2025-07-01,1812.0,1627.0,2574.54,2494.36,2531.94,951.55,"982,34",207.46,152.2
6554.0,2025-08-01,1563.0,2121.0,2909.31,2689.91,2680.07,966.3035,"997,57",206.13,82.0
6516.0,2025-09-01,941.0,1607.0,3101.2,2731.45,2752.16,960.3675,"987,49",208.32,181.4
8397.0,2025-10-01,2211.0,1557.0,3188.2,2882.71,2802.35,953.973181818182,"980,91",209.14,92.2
6866.0,2025-11-01,1905.0,1717.0,2919.95,2711.47,2665.62,935.6975,"959,25",214.69,16.8
4826.0,2025-12-01,1770.0,2329.0,2693.12,2449.64,2426.86,916.163,"941,10",218.28,0.0
3788.0,2026-01-01,2106.0,2413.0,2601.4,2429.91,2406.0,,,,20.4
,2026-02-01,,,,,,,,,55.4
,2026-03-01,,,,,,,,,192.2
,2026-04-01,,,,,,,,,82.0
,2026-05-01,,,,,,,,,106.2
,2026-06-01,,,,,,,,,154.73846153846154
,2026-07-01,,,,,,,,,162.1769230769231
,2026-08-01,,,,,,,,,197.24615384615385
,2026-09-01,,,,,,,,,103.4
,2026-10-01,,,,,,,,,56.30769230769231
,2026-11-01,,,,,,,,,50.15384615384615
,2026-12-01,,,,,,,,,31.60769230769231
